{"resourceType":"Measure","id":"IMMZIND05","meta":{"profile":["http://hl7.org/fhir/us/cqfmeasures/StructureDefinition/cv-measure-cqfm"]},"url":"http://smart.who.int/ig/smart-immunizations-measles/Measure/IMMZIND05","version":"0.1.0","name":"IMMZIND05","status":"draft","experimental":false,"date":"2023-10-05","publisher":"Rwanda3","contact":[{"name":"Rwanda3","telecom":[{"system":"url","value":"http://MoH.Rwanda3"}]}],"description":"IMMZ.IND.05 Measles indicator for first dose.","library":["http://smart.who.int/ig/smart-immunizations-measles/Library/IMMZINDMeasles"],"scoring":{"coding":[{"system":"http://terminology.hl7.org/CodeSystem/measure-scoring","code":"continuous-variable","display":"Continuous Variable"}]},"group":[{"population":[{"id":"IMMZ.IND.05.IP","extension":[{"url":"http://hl7.org/fhir/us/cqfmeasures/StructureDefinition/cqfm-populationBasis","valueCode":"boolean"}],"code":{"coding":[{"system":"http://terminology.hl7.org/CodeSystem/measure-population","code":"initial-population","display":"Initial Population"}]},"description":"Initial Population","criteria":{"language":"text/cql","expression":"Initial Population 05"}},{"id":"IMMZ.IND.05.MP","extension":[{"url":"http://hl7.org/fhir/us/cqfmeasures/StructureDefinition/cqfm-populationBasis","valueCode":"boolean"}],"code":{"coding":[{"system":"http://terminology.hl7.org/CodeSystem/measure-population","code":"measure-population","display":"Measure Population"}]},"description":"Measure Population","criteria":{"language":"text/cql","expression":"Measure Population 05"}},{"id":"IMMZ.IND.05.MO","extension":[{"url":"http://hl7.org/fhir/us/cqfmeasures/StructureDefinition/cqfm-criteriaReference","valueString":"measure-population"},{"url":"http://hl7.org/fhir/us/cqfmeasures/StructureDefinition/cqfm-aggregateMethod","valueCode":"count"}],"code":{"coding":[{"system":"http://terminology.hl7.org/CodeSystem/measure-population","code":"measure-observation"}]},"description":"Measure Observation","criteria":{"language":"text/cql","expression":"Measure Observation 05"}}],"stratifier":[{"id":"IMMZ.IND.05.S","criteria":{"language":"text/cql","expression":"Stratification"}}]}]}