<?xml version="1.0" encoding="UTF-8"?>

<ConceptMap xmlns="http://hl7.org/fhir">
  <id value="IMMZCSexToAdministrativeGender"/>
  <text>
    <status value="extensions"/><div xmlns="http://www.w3.org/1999/xhtml"><p>Mapping from (not specified) to (not specified)</p><p>ACTIVE. Published on 2023-08-09 by Rwanda3 (Rwanda3: <a href="http://MoH.Rwanda3">http://MoH.Rwanda3</a>). </p><div><p>Mapping to and from IMMZ.C sex coding to FHIR Administrative Gender.</p>
</div><br/><p><b>Group 1</b>Mapping from <a href="CodeSystem-IMMZ.C.html">IMMZ.C CodeSystem for Data Elements</a> to <a href="http://hl7.org/fhir/R4/codesystem-administrative-gender.html">AdministrativeGender</a></p><table class="grid"><tr><td><b>Source Code</b></td><td><b>Relationship</b></td><td><b>Target Code</b></td></tr><tr><td>DE6 (Male)</td><td><a href="http://hl7.org/fhir/R4/codesystem-concept-map-equivalence.html#null"/></td><td>male</td></tr><tr><td>DE7 (Female)</td><td><a href="http://hl7.org/fhir/R4/codesystem-concept-map-equivalence.html#null"/></td><td>female</td></tr><tr><td>DE8 (Biological sex not specified)</td><td><a href="http://hl7.org/fhir/R4/codesystem-concept-map-equivalence.html#null"/></td><td>unknown</td></tr><tr><td>DE9 (Intersex)</td><td><a href="http://hl7.org/fhir/R4/codesystem-concept-map-equivalence.html#null"/></td><td>other</td></tr></table><hr/><p><b>Group 2</b>Mapping from <a href="http://hl7.org/fhir/R4/codesystem-administrative-gender.html">AdministrativeGender</a> to <a href="CodeSystem-IMMZ.C.html">IMMZ.C CodeSystem for Data Elements</a></p><table class="grid"><tr><td><b>Source Code</b></td><td><b>Relationship</b></td><td><b>Target Code</b></td><td><b>Comment</b></td></tr><tr><td>male</td><td><a href="http://hl7.org/fhir/R4/codesystem-concept-map-equivalence.html#null"/></td><td>DE6 (Male)</td><td/></tr><tr><td>female</td><td><a href="http://hl7.org/fhir/R4/codesystem-concept-map-equivalence.html#null"/></td><td>DE7 (Female)</td><td/></tr><tr><td>unknown</td><td><a href="http://hl7.org/fhir/R4/codesystem-concept-map-equivalence.html#null"/></td><td>DE8 (Biological sex not specified)</td><td/></tr><tr><td>other</td><td><a href="http://hl7.org/fhir/R4/codesystem-concept-map-equivalence.html#null"/></td><td>DE9 (Intersex)</td><td>The source concept is more specific than the target</td></tr></table></div>
  </text>
  <url value="http://MoH.Rwanda3/ig/smart-immunizations-measles/ConceptMap/IMMZCSexToAdministrativeGender"/>
  <version value="0.1.0"/>
  <name value="IMMZ_C_SexToAdministrativeGender"/>
  <title value="ConceptMap to and From IMMZ.C sex to administrative gender"/>
  <status value="active"/>
  <experimental value="false"/>
  <date value="2023-08-09"/>
  <publisher value="Rwanda3"/>
  <contact>
    <name value="Rwanda3"/>
    <telecom>
      <system value="url"/>
      <value value="http://MoH.Rwanda3"/>
    </telecom>
  </contact>
  <description value="Mapping to and from IMMZ.C sex coding to FHIR Administrative Gender."/>
  <group>
    <source value="http://MoH.Rwanda3/ig/smart-immunizations-measles/CodeSystem/IMMZ.C"/>
    <target value="http://hl7.org/fhir/administrative-gender"/>
    <element>
      <code value="DE6"/>
      <target>
        <modifierExtension url="http://hl7.org/fhir/1.0/StructureDefinition/extension-ConceptMap.element.target.equivalence">
          <valueCode value="equivalent"/>
        </modifierExtension>
        <code value="male"/>
        <equivalence value="equivalent"/>
      </target>
    </element>
    <element>
      <code value="DE7"/>
      <target>
        <modifierExtension url="http://hl7.org/fhir/1.0/StructureDefinition/extension-ConceptMap.element.target.equivalence">
          <valueCode value="equivalent"/>
        </modifierExtension>
        <code value="female"/>
        <equivalence value="equivalent"/>
      </target>
    </element>
    <element>
      <code value="DE8"/>
      <target>
        <modifierExtension url="http://hl7.org/fhir/1.0/StructureDefinition/extension-ConceptMap.element.target.equivalence">
          <valueCode value="equivalent"/>
        </modifierExtension>
        <code value="unknown"/>
        <equivalence value="equivalent"/>
      </target>
    </element>
    <element>
      <code value="DE9"/>
      <target>
        <modifierExtension url="http://hl7.org/fhir/1.0/StructureDefinition/extension-ConceptMap.element.target.equivalence">
          <valueCode value="wider"/>
        </modifierExtension>
        <code value="other"/>
        <equivalence value="wider"/>
      </target>
    </element>
  </group>
  <group>
    <source value="http://hl7.org/fhir/administrative-gender"/>
    <target value="http://MoH.Rwanda3/ig/smart-immunizations-measles/CodeSystem/IMMZ.C"/>
    <element>
      <code value="male"/>
      <target>
        <modifierExtension url="http://hl7.org/fhir/1.0/StructureDefinition/extension-ConceptMap.element.target.equivalence">
          <valueCode value="equivalent"/>
        </modifierExtension>
        <code value="DE6"/>
        <equivalence value="equivalent"/>
      </target>
    </element>
    <element>
      <code value="female"/>
      <target>
        <modifierExtension url="http://hl7.org/fhir/1.0/StructureDefinition/extension-ConceptMap.element.target.equivalence">
          <valueCode value="equivalent"/>
        </modifierExtension>
        <code value="DE7"/>
        <equivalence value="equivalent"/>
      </target>
    </element>
    <element>
      <code value="unknown"/>
      <target>
        <modifierExtension url="http://hl7.org/fhir/1.0/StructureDefinition/extension-ConceptMap.element.target.equivalence">
          <valueCode value="equivalent"/>
        </modifierExtension>
        <code value="DE8"/>
        <equivalence value="equivalent"/>
      </target>
    </element>
    <element>
      <code value="other"/>
      <target>
        <modifierExtension url="http://hl7.org/fhir/1.0/StructureDefinition/extension-ConceptMap.element.target.equivalence">
          <valueCode value="narrower"/>
        </modifierExtension>
        <code value="DE9"/>
        <equivalence value="narrower"/>
        <comment value="The source concept is more specific than the target"/>
      </target>
    </element>
  </group>
</ConceptMap>